,hit_rate,precision,recall,map,ndcg,coverage
3,0.3413936912344909,0.24661687392557347,0.2511728132637118,0.28608946896174453,0.3189174809214486,0.05947659742947635
5,0.4034368997068609,0.21366279951407693,0.3323143780702367,0.2920247784181298,0.34526838092154233,0.05947659742947635
10,0.5293239021104893,0.16204750530784628,0.46058539349025573,0.31613286912401994,0.3942321907922641,0.05947659742947635
